is_number,title,year,scope,classification,keywords,status,related,supersedes,amendments
IS 269,Ordinary Portland Cement - Specification,2015,Manufacture and chemical/physical requirements of 33 grade ordinary Portland cement for general construction,Civil/Construction,cement opc portland 33 grade binder construction,Active,IS 4031;IS 4032,,
IS 8112,43 Grade Ordinary Portland Cement - Specification,2013,Requirements for 43 grade OPC used in general concrete construction,Civil/Construction,cement opc 43 grade portland concrete,Active,IS 4031;IS 456,,
IS 12269,53 Grade Ordinary Portland Cement - Specification,2013,Requirements for 53 grade OPC for high strength concrete and precast work,Civil/Construction,cement opc 53 grade high strength concrete,Active,IS 4031;IS 456,,
IS 1489 (Part 1),Portland Pozzolana Cement - Specification (Fly Ash Based),2015,Requirements for fly ash based Portland pozzolana cement PPC,Civil/Construction,cement ppc pozzolana fly ash construction,Active,IS 3812;IS 4031,,
IS 455,Portland Slag Cement - Specification,2015,Requirements for Portland slag cement PSC for marine and mass concrete,Civil/Construction,cement slag psc marine,Active,IS 4031,,
IS 1786,High Strength Deformed Steel Bars and Wires for Concrete Reinforcement - Specification,2008,TMT rebar Fe 415 Fe 500 Fe 550 reinforcement bars for RCC,Metals,steel tmt rebar reinforcement bar fe500 concrete,Active,IS 456;IS 2062,,
IS 2062,Hot Rolled Medium and High Tensile Structural Steel - Specification,2011,Structural steel plates sections angles channels beams for fabrication,Metals,steel structural plate angle channel beam mild steel,Active,IS 800;IS 1786,,
IS 1239 (Part 1),Steel Tubes Tubulars and Other Wrought Steel Fittings - Mild Steel Tubes,2004,Mild steel tubes for water gas and general purpose pipes,Plumbing/Piping,steel pipe tube gi water,Active,IS 1161,,
IS 456,Plain and Reinforced Concrete - Code of Practice,2000,Design and construction code for plain and reinforced concrete,Civil/Construction,concrete rcc design code practice,Active,IS 383;IS 1786;IS 269,,
IS 383,Coarse and Fine Aggregate for Concrete - Specification,2016,Natural crushed sand and coarse aggregate grading and quality for concrete,Civil/Construction,aggregate sand gravel stone concrete grading,Active,IS 456,,
IS 1077,Common Burnt Clay Building Bricks - Specification,1992,Classification strength and dimensions of common burnt clay bricks,Civil/Construction,brick clay masonry building wall,Active,IS 3495,,
IS 2185 (Part 1),Concrete Masonry Units - Hollow and Solid Concrete Blocks,2005,Hollow and solid load bearing and non load bearing concrete blocks,Civil/Construction,block concrete masonry hollow wall,Active,IS 456,,
IS 694,PVC Insulated Cables for Working Voltages up to and including 450/750 V,2010,Single core and multicore PVC insulated copper or aluminium wiring cables for house and building wiring,Electrical,cable wire pvc copper electrical wiring insulated,Active,IS 8130;IS 1554,,
IS 1554 (Part 1),PVC Insulated (Heavy Duty) Electric Cables for Working Voltages up to 1100 V,1988,Heavy duty PVC insulated armoured and unarmoured power cables,Electrical,cable power pvc armoured electrical heavy duty,Active,IS 694,,
IS 1293,Plugs and Socket-Outlets of Rated Voltage up to 250 V and Rated Current up to 16 A,2019,Safety and dimensional requirements for household plugs and sockets,Electrical,plug socket outlet switch electrical safety household,Active,IS 3854,,
IS 13252 (Part 1),Information Technology Equipment - Safety - General Requirements,2010,Safety requirements for IT equipment such as computers printers and servers,Electronics/IT,it computer laptop printer server electronics safety,Active,,,
IS 4984,Polyethylene Pipes for Water Supply - Specification,2016,HDPE pipes for potable water supply pressure ratings and dimensions,Plumbing/Piping,hdpe pipe polyethylene water supply plumbing,Active,IS 14333,,
